deal_id,acquirer,target,name_change_occurred,name_change_date,resulting_public_company_name,public_company_that_ceased_trading,ceased_public_date,agreement_date,closing_date,agreement_source,closing_source,public_status_source,name_source,notes
1,Pfizer Inc.,Wyeth,False,,Pfizer Inc.,Wyeth,2009-10-15,2009-01-25,2009-10-15,https://www.pfizer.com/news/press-release/press-release-detail/pfizer_to_acquire_wyeth_creating_the_world_s_premier_biopharmaceutical_company,https://www.pfizer.com/news/press-release/press-release-detail/pfizer_completes_acquisition_of_wyeth,https://www.pfizer.com/news/press-release/press-release-detail/pfizer_completes_acquisition_of_wyeth,,
2,"Merck & Co., Inc. (Old Merck)",Schering-Plough Corporation,True,2009-11-03,"Merck & Co., Inc.","Merck & Co., Inc. (Old Merck)",2009-11-03,2009-03-08,2009-11-03,https://web.archive.org/web/20090311235556/http://www.merck.com/newsroom/press_releases/corporate/2009_0309.html,https://web.archive.org/web/20091107063055/http://www.merck.com/newsroom/news-release-archive/corporate/2009_1103.html,https://web.archive.org/web/20091107063055/http://www.merck.com/newsroom/news-release-archive/corporate/2009_1103.html,https://web.archive.org/web/20091107063055/http://www.merck.com/newsroom/news-release-archive/corporate/2009_1103.html,"Two-step reverse merger. Schering-Plough survived the first merger and was renamed Merck & Co., Inc. Merck survived the second merger and became a wholly owned subsidiary, renamed Merck Sharp & Dohme Corp."
3,Roche,"Genentech, Inc.",False,,Roche,"Genentech, Inc.",2009-03-26,2009-03-12,2009-03-26,https://assets.cwp.roche.com/f/126832/x/f0613a673d/rhi_hy_2010.pdf,https://assets.cwp.roche.com/f/126832/x/f0613a673d/rhi_hy_2010.pdf,https://assets.cwp.roche.com/f/126832/x/f0613a673d/rhi_hy_2010.pdf,,
4,Sanofi-Aventis,Genzyme Corporation,True,2011-06-15,Sanofi,Genzyme Corporation,2011-04-08,2011-02-16,2011-04-08,https://www.prnewswire.com/news-releases/sanofi-aventis-to-acquire-genzyme-for-7400-in-cash-per-share-plus-contingent-value-right-116291094.html,https://www.prnewswire.com/news-releases/sanofi-aventis-completes-acquisition-of-genzyme-corporation-119496769.html,https://www.prnewswire.com/news-releases/sanofi-aventis-completes-acquisition-of-genzyme-corporation-119496769.html,https://www.news.sanofi.us/Sanofi-Media-Statement-in-Response-to-Inquiries-Following-Announcement-of-Logo-Change-in-North-America-on-June-15-2011,"Sanofi-Aventis changed its name to Sanofi in 2011, after the acquisition of Genzyme"
5,"Gilead Sciences, Inc.","Pharmasset, Inc.",False,,"Gilead Sciences, Inc.","Pharmasset, Inc.",2012-01-17,2011-11-21,2012-01-17,https://www.gilead.com/news/news-details/2011/gilead-sciences-to-acquire-pharmasset-inc-for-11-billion,https://www.gilead.com/news/news-details/2012/gilead-sciences-completes-acquisition-of-pharmasset-inc,https://www.gilead.com/news/news-details/2012/gilead-sciences-completes-acquisition-of-pharmasset-inc,,The tender offer closed 2012-01-12
6,Actavis plc,"Allergan, Inc.",True,2015-06-15,Allergan plc,"Allergan, Inc.",2015-03-17,2014-11-17,2015-03-17,https://www.fiercepharma.com/m-a/actavis-to-acquire-allergan-to-create-top-10-global-growth-pharmaceutical-company-23-billion,https://www.prnewswire.com/news-releases/actavis-completes-allergan-acquisition-300051633.html,https://www.prnewswire.com/news-releases/actavis-completes-allergan-acquisition-300051633.html,https://www.prnewswire.com/news-releases/actavis-plc-is-now-allergan-plc-300098692.html,
7,Teva Pharmaceutical Industries Ltd.,Allergan's global generics business,False,,Teva Pharmaceutical Industries Ltd.,,,2015-07-27,2016-08-02,https://ir.tevapharm.com/news-and-events/press-releases/press-release-details/2015/Teva-to-Acquire-Allergan-Generics-for-405-Billion-Creating-a-Transformative-Generics-and-Specialty-Company-Well-Positioned-to-Win-in-Global-Healthcare/default.aspx,https://ir.tevapharm.com/news-and-events/press-releases/press-release-details/2016/Teva-Completes-Acquisition-of-Actavis-Generics/default.aspx,,,
8,Johnson & Johnson,Actelion Ltd.,False,,Johnson & Johnson,Actelion Ltd.,2017-11-06,2017-01-26,2017-06-16,https://www.jnj.com/media-center/press-releases/johnson-johnson-to-acquire-actelion,https://www.jnj.com/media-center/press-releases/johnson-johnson-announces-completion-of-acquisition-of-actelion,https://www.biospace.com/cancellation-of-publicly-held-actelion-shares-and-delisting-from-six-swiss-exchange-as-of-november-7-2017,,Actelion spun off its drug discovery and early-stage development business into Idorsia immediately before the tender offer settled.
9,,,True,2018-07-13,Bausch Health Companies Inc.,,,,,,,,https://ir.bauschhealth.com/news-releases/archive/2018/07-13-2018,Control case; name change
10,Takeda Pharmaceutical Company Limited,Shire plc,False,,Takeda Pharmaceutical Company Limited,Shire plc,2019-01-08,2018-05-08,2019-01-08,https://www.takeda.com/newsroom/newsreleases/2018/proposed-acquisition-of-shire-plc-by-takeda/,https://www.takeda.com/newsroom/shire-news-releases/2019/qppcx8/,https://www.takeda.com/newsroom/shire-news-releases/2019/qppcx8/,,Acquistion took place under scheme of arrangement
11,Bristol-Myers Squibb Company,Celgene Corporation,False,,Bristol-Myers Squibb Company,Celgene Corporation,2019-11-20,2019-01-03,2019-11-20,https://news.bms.com/news/details/2019/Bristol-Myers-Squibb-to-Acquire-Celgene-to-Create-a-Premier-Innovative-Biopharma-Company/default.aspx,https://news.bms.com/news/details/2019/Bristol-Myers-Squibb-Completes-Acquisition-of-Celgene-Creating-a-Leading-Biopharma-Company/default.aspx,https://news.bms.com/news/details/2019/Bristol-Myers-Squibb-Completes-Acquisition-of-Celgene-Creating-a-Leading-Biopharma-Company/default.aspx,,
12,AbbVie Inc.,Allergan plc,False,,AbbVie Inc.,Allergan plc,2020-05-08,2019-06-25,2020-05-08,https://news.abbvie.com/2019-06-25-AbbVie-to-Acquire-Allergan-in-Transformative-Move-for-Both-Companies,https://news.abbvie.com/2020-05-08-AbbVie-Completes-Transformative-Acquisition-of-Allergan,https://news.abbvie.com/2020-05-08-AbbVie-Completes-Transformative-Acquisition-of-Allergan,,Acquistion took place under scheme of arrangement; not a conventional merger
13,,,True,2020-11-16,Viatris inc.,Mylan N.V.,2020-11-16,2019-07-29,2020-11-16,https://www.pfizer.com/news/press-release/press-release-detail/mylan_and_upjohn_a_division_of_pfizer_to_combine_creating_a_new_champion_for_global_health_uniquely_positioned_to_fulfill_the_world_s_need_for_medicine,https://www.pfizer.com/news/press-release/press-release-detail/pfizer-completes-transaction-combine-its-upjohn-business,https://www.pfizer.com/news/press-release/press-release-detail/pfizer-completes-transaction-combine-its-upjohn-business,https://www.pfizer.com/news/press-release/press-release-detail/pfizer-completes-transaction-combine-its-upjohn-business,There is no clear cut acquirer-target relationship in this deal. Mylan and Upjohn both combined to form Viatris
14,AstraZeneca PLC,"Alexion Pharmaceuticals, Inc.",False,,AstraZeneca PLC,"Alexion Pharmaceuticals, Inc.",2021-07-20,2020-12-12,2021-07-21,https://www.astrazeneca.com/media-centre/press-releases/2020/astrazeneca-to-acquire-alexion.html#!,https://www.astrazeneca.com/media-centre/press-releases/2021/acquisition-of-alexion-completed.html#!,https://www.astrazeneca.com/media-centre/press-releases/2021/acquisition-of-alexion-completed.html#!,,
15,Amgen Inc.,Horizon Therapeutics plc,False,,Amgen Inc.,Horizon Therapeutics plc,2023-10-05,2022-12-12,2023-10-06,https://investors.amgen.com/news-releases/news-release-details/rule-27-announcement-amgen-inc-acquire-horizon-therapeutics-plc,https://www.amgen.com/newsroom/press-releases/2023/10/amgen-completes-acquisition-of-horizon-therapeutics-plc,https://www.nasdaqtrader.com/TraderNews.aspx?id=ECA2023-570,,
16,Pfizer Inc.,Seagen Inc.,False,,Pfizer Inc.,Seagen Inc.,2023-12-13,2023-03-13,2023-12-14,https://www.pfizer.com/news/press-release/press-release-detail/pfizer-invests-43-billion-battle-cancer,https://www.pfizer.com/news/press-release/press-release-detail/pfizer-completes-acquisition-seagen,https://www.nasdaqtrader.com/TraderNews.aspx?id=ECA2023-721,,
